{
  "feature_names": [
    "return_5m",
    "ema_9",
    "ema_21",
    "ema_slope",
    "rsi",
    "macd_line",
    "macd_signal",
    "macd_hist",
    "atr",
    "vol_change"
  ],
  "n_train": 775,
  "metrics": {
    "accuracy": 0.5154639175257731,
    "precision": 0.5309734513274337,
    "recall": 0.594059405940594,
    "expected_value": 0.030927835051546393,
    "n_train": 775,
    "n_val": 194
  }
}